id,ip,fingerprint,email,attempted_at,successful,ip_address,attempt_time
3,100.64.0.3,,,2025-12-12 00:29:55.757575,f,100.64.0.3,2025-12-12 00:29:55.757575
4,100.64.0.7,,,2025-12-12 00:37:23.488885,f,100.64.0.7,2025-12-12 00:37:23.488885
5,100.64.0.8,,,2025-12-12 00:37:55.67937,t,100.64.0.8,2025-12-12 00:37:55.67937
6,100.64.0.17,,,2025-12-12 01:26:45.108652,t,100.64.0.17,2025-12-12 01:26:45.108652
7,100.64.0.16,,,2025-12-12 01:49:55.279285,t,100.64.0.16,2025-12-12 01:49:55.279285
8,100.64.0.10,,,2025-12-12 02:25:34.037188,t,100.64.0.10,2025-12-12 02:25:34.037188
9,100.64.0.27,,,2025-12-12 06:37:18.970441,t,100.64.0.27,2025-12-12 06:37:18.970441
10,100.64.0.16,,,2025-12-12 21:08:21.061676,t,100.64.0.16,2025-12-12 21:08:21.061676
11,100.64.0.9,,,2025-12-12 23:16:31.297192,t,100.64.0.9,2025-12-12 23:16:31.297192
12,100.64.0.3,,,2025-12-13 06:05:09.427687,t,100.64.0.3,2025-12-13 06:05:09.427687
13,100.64.0.8,,,2025-12-13 10:30:42.619584,f,100.64.0.8,2025-12-13 10:30:42.619584
14,100.64.0.2,,,2025-12-13 13:19:29.749972,t,100.64.0.2,2025-12-13 13:19:29.749972
16,100.64.0.7,,,2025-12-14 01:39:49.178655,t,100.64.0.7,2025-12-14 01:39:49.178655
33,127.0.0.1,,,2025-12-14 10:53:43.357044,f,127.0.0.1,2025-12-14 10:53:43.357044
34,127.0.0.1,,,2025-12-14 10:55:06.532131,f,127.0.0.1,2025-12-14 10:55:06.532131
35,127.0.0.1,,,2025-12-14 10:55:44.341214,f,127.0.0.1,2025-12-14 10:55:44.341214
36,127.0.0.1,,,2025-12-14 11:16:26.854927,f,127.0.0.1,2025-12-14 11:16:26.854927
37,127.0.0.1,,,2025-12-14 11:17:41.475158,f,127.0.0.1,2025-12-14 11:17:41.475158
38,127.0.0.1,,,2025-12-14 11:22:53.066239,f,127.0.0.1,2025-12-14 11:22:53.066239
39,127.0.0.1,,,2025-12-14 11:24:23.73013,f,127.0.0.1,2025-12-14 11:24:23.73013
40,127.0.0.1,,,2025-12-14 11:26:28.178957,f,127.0.0.1,2025-12-14 11:26:28.178957
41,127.0.0.1,,,2025-12-14 11:29:09.741448,f,127.0.0.1,2025-12-14 11:29:09.741448
42,127.0.0.1,,,2025-12-14 11:56:39.670883,f,127.0.0.1,2025-12-14 11:56:39.670883
43,127.0.0.1,,,2025-12-14 12:00:29.720286,f,127.0.0.1,2025-12-14 12:00:29.720286
44,127.0.0.1,,,2025-12-14 12:11:54.483008,f,127.0.0.1,2025-12-14 12:11:54.483008
45,127.0.0.1,,,2025-12-14 12:29:45.508583,f,127.0.0.1,2025-12-14 12:29:45.508583
46,127.0.0.1,,,2025-12-14 14:20:24.980732,f,127.0.0.1,2025-12-14 14:20:24.980732
47,127.0.0.1,,,2025-12-14 14:49:42.836466,f,127.0.0.1,2025-12-14 14:49:42.836466
48,127.0.0.1,,,2025-12-14 15:54:59.814023,f,127.0.0.1,2025-12-14 15:54:59.814023
49,127.0.0.1,,,2025-12-14 16:38:43.864524,f,127.0.0.1,2025-12-14 16:38:43.864524
50,127.0.0.1,,,2025-12-14 16:45:52.367972,f,127.0.0.1,2025-12-14 16:45:52.367972
51,127.0.0.1,,,2025-12-14 21:47:10.092335,f,127.0.0.1,2025-12-14 21:47:10.092335
52,127.0.0.1,,,2025-12-14 21:49:56.780938,f,127.0.0.1,2025-12-14 21:49:56.780938
53,127.0.0.1,,,2025-12-14 21:57:30.765626,f,127.0.0.1,2025-12-14 21:57:30.765626
54,127.0.0.1,,,2025-12-14 22:00:52.790868,f,127.0.0.1,2025-12-14 22:00:52.790868
55,127.0.0.1,,,2025-12-14 22:07:32.907566,f,127.0.0.1,2025-12-14 22:07:32.907566
56,127.0.0.1,,,2025-12-14 22:09:16.529401,f,127.0.0.1,2025-12-14 22:09:16.529401
57,127.0.0.1,,,2025-12-14 22:21:06.602478,f,127.0.0.1,2025-12-14 22:21:06.602478
58,127.0.0.1,,,2025-12-14 22:27:16.071818,f,127.0.0.1,2025-12-14 22:27:16.071818
59,127.0.0.1,,,2025-12-14 22:55:07.710758,f,127.0.0.1,2025-12-14 22:55:07.710758
60,127.0.0.1,,,2025-12-14 23:14:40.599563,f,127.0.0.1,2025-12-14 23:14:40.599563
61,127.0.0.1,,,2025-12-14 23:18:19.355401,f,127.0.0.1,2025-12-14 23:18:19.355401
62,127.0.0.1,,,2025-12-14 23:23:23.653287,f,127.0.0.1,2025-12-14 23:23:23.653287
63,127.0.0.1,,,2025-12-14 23:41:19.679684,f,127.0.0.1,2025-12-14 23:41:19.679684
64,127.0.0.1,,,2025-12-14 23:46:17.617381,f,127.0.0.1,2025-12-14 23:46:17.617381
65,127.0.0.1,,,2025-12-15 00:02:26.570127,f,127.0.0.1,2025-12-15 00:02:26.570127
66,127.0.0.1,,,2025-12-15 00:06:33.785858,f,127.0.0.1,2025-12-15 00:06:33.785858
67,127.0.0.1,,,2025-12-15 00:12:17.870103,f,127.0.0.1,2025-12-15 00:12:17.870103
68,127.0.0.1,,,2025-12-15 00:15:35.420543,f,127.0.0.1,2025-12-15 00:15:35.420543
69,127.0.0.1,,,2025-12-15 00:18:52.248076,f,127.0.0.1,2025-12-15 00:18:52.248076
70,127.0.0.1,,,2025-12-15 00:21:27.873802,f,127.0.0.1,2025-12-15 00:21:27.873802
71,127.0.0.1,,,2025-12-15 00:24:11.790628,f,127.0.0.1,2025-12-15 00:24:11.790628
72,127.0.0.1,,,2025-12-15 00:31:55.751248,f,127.0.0.1,2025-12-15 00:31:55.751248
73,127.0.0.1,,,2025-12-15 00:36:26.574539,f,127.0.0.1,2025-12-15 00:36:26.574539
74,127.0.0.1,,,2025-12-15 00:39:11.12483,f,127.0.0.1,2025-12-15 00:39:11.12483
75,127.0.0.1,,,2025-12-15 00:42:49.256278,f,127.0.0.1,2025-12-15 00:42:49.256278
76,127.0.0.1,,,2025-12-15 01:46:59.352244,f,127.0.0.1,2025-12-15 01:46:59.352244
77,127.0.0.1,,,2025-12-15 01:50:11.261966,f,127.0.0.1,2025-12-15 01:50:11.261966
78,127.0.0.1,,,2025-12-15 01:53:59.391289,f,127.0.0.1,2025-12-15 01:53:59.391289
79,127.0.0.1,,,2025-12-15 02:03:16.281392,f,127.0.0.1,2025-12-15 02:03:16.281392
80,127.0.0.1,,,2025-12-15 02:09:58.323289,f,127.0.0.1,2025-12-15 02:09:58.323289
81,127.0.0.1,,,2025-12-15 02:24:16.397662,f,127.0.0.1,2025-12-15 02:24:16.397662
82,127.0.0.1,,,2025-12-15 11:36:45.013971,f,127.0.0.1,2025-12-15 11:36:45.013971
83,127.0.0.1,,,2025-12-15 11:43:19.740308,f,127.0.0.1,2025-12-15 11:43:19.740308
84,127.0.0.1,,,2025-12-15 12:15:35.026738,f,127.0.0.1,2025-12-15 12:15:35.026738
85,127.0.0.1,,,2025-12-15 12:46:40.133536,f,127.0.0.1,2025-12-15 12:46:40.133536
86,127.0.0.1,,,2025-12-15 19:14:09.558184,f,127.0.0.1,2025-12-15 19:14:09.558184
87,127.0.0.1,,,2025-12-15 19:15:43.013535,f,127.0.0.1,2025-12-15 19:15:43.013535
88,100.64.0.28,,,2025-12-15 20:11:09.095177,f,100.64.0.28,2025-12-15 20:11:09.095177
89,100.64.0.30,,,2025-12-15 20:12:34.162059,t,100.64.0.30,2025-12-15 20:12:34.162059
90,100.64.0.30,,,2025-12-15 23:15:36.486636,f,100.64.0.30,2025-12-15 23:15:36.486636
91,100.64.0.19,,,2025-12-17 06:17:55.529424,t,100.64.0.19,2025-12-17 06:17:55.529424
92,100.64.0.27,,,2025-12-19 19:54:47.659413,f,100.64.0.27,2025-12-19 19:54:47.659413
93,100.64.0.10,,,2025-12-30 17:57:18.323586,f,100.64.0.10,2025-12-30 17:57:18.323586
94,100.64.0.10,,,2025-12-30 17:59:36.6015,f,100.64.0.10,2025-12-30 17:59:36.6015
95,100.64.0.4,,,2026-01-01 11:41:34.948199,t,100.64.0.4,2026-01-01 11:41:34.948199
96,100.64.0.7,,,2026-01-01 17:06:13.259523,f,100.64.0.7,2026-01-01 17:06:13.259523
97,100.64.0.8,,,2026-01-02 01:10:20.801627,t,100.64.0.8,2026-01-02 01:10:20.801627
98,100.64.0.8,,,2026-01-03 09:50:38.965569,f,100.64.0.8,2026-01-03 09:50:38.965569
99,100.64.0.9,,,2026-01-03 22:35:15.005091,f,100.64.0.9,2026-01-03 22:35:15.005091
100,100.64.0.6,,,2026-01-04 01:16:56.937164,f,100.64.0.6,2026-01-04 01:16:56.937164
101,100.64.0.4,,,2026-01-06 16:39:10.492428,f,100.64.0.4,2026-01-06 16:39:10.492428
102,100.64.0.9,,,2026-01-09 16:45:57.352814,f,100.64.0.9,2026-01-09 16:45:57.352814
103,100.64.0.6,,,2026-01-09 18:06:37.679373,f,100.64.0.6,2026-01-09 18:06:37.679373
104,100.64.0.2,,,2026-01-09 19:02:07.598411,f,100.64.0.2,2026-01-09 19:02:07.598411
105,100.64.0.4,,,2026-01-10 00:13:27.218461,t,100.64.0.4,2026-01-10 00:13:27.218461
106,100.64.0.11,,,2026-01-10 04:50:13.458232,f,100.64.0.11,2026-01-10 04:50:13.458232
107,100.64.0.9,,,2026-01-10 12:07:20.776303,f,100.64.0.9,2026-01-10 12:07:20.776303
108,100.64.0.8,,,2026-01-10 12:15:07.02512,f,100.64.0.8,2026-01-10 12:15:07.02512
109,100.64.0.6,,,2026-01-10 19:00:38.064338,f,100.64.0.6,2026-01-10 19:00:38.064338
110,100.64.0.5,,,2026-01-11 04:41:43.597924,f,100.64.0.5,2026-01-11 04:41:43.597924
111,100.64.0.8,,,2026-01-11 16:27:02.096465,f,100.64.0.8,2026-01-11 16:27:02.096465
112,100.64.0.15,,,2026-01-12 05:56:24.537268,t,100.64.0.15,2026-01-12 05:56:24.537268
113,100.64.0.14,,,2026-01-19 18:54:59.97991,f,100.64.0.14,2026-01-19 18:54:59.97991
114,100.64.0.14,,,2026-01-19 18:55:33.616375,t,100.64.0.14,2026-01-19 18:55:33.616375
115,127.0.0.1,,,2026-01-23 16:16:25.667139,f,127.0.0.1,2026-01-23 16:16:25.667139
116,127.0.0.1,,,2026-01-23 16:21:55.302395,f,127.0.0.1,2026-01-23 16:21:55.302395
117,127.0.0.1,,,2026-01-23 16:28:07.034688,f,127.0.0.1,2026-01-23 16:28:07.034688
118,127.0.0.1,,,2026-01-23 16:30:00.505486,f,127.0.0.1,2026-01-23 16:30:00.505486
119,127.0.0.1,,,2026-01-23 16:33:23.070757,f,127.0.0.1,2026-01-23 16:33:23.070757
120,127.0.0.1,,,2026-01-23 16:34:28.684339,f,127.0.0.1,2026-01-23 16:34:28.684339
121,127.0.0.1,,,2026-01-23 17:16:30.152787,f,127.0.0.1,2026-01-23 17:16:30.152787
122,127.0.0.1,,,2026-01-23 17:17:21.121852,f,127.0.0.1,2026-01-23 17:17:21.121852
123,127.0.0.1,,,2026-01-23 17:20:15.964349,f,127.0.0.1,2026-01-23 17:20:15.964349
124,127.0.0.1,,,2026-01-23 17:27:02.660404,f,127.0.0.1,2026-01-23 17:27:02.660404
125,127.0.0.1,,,2026-01-23 17:30:26.178131,f,127.0.0.1,2026-01-23 17:30:26.178131
126,127.0.0.1,,,2026-01-23 17:31:22.0658,f,127.0.0.1,2026-01-23 17:31:22.0658
127,127.0.0.1,,,2026-01-23 17:33:03.624946,f,127.0.0.1,2026-01-23 17:33:03.624946
128,127.0.0.1,,,2026-01-23 17:33:59.450448,f,127.0.0.1,2026-01-23 17:33:59.450448
129,127.0.0.1,,,2026-01-23 22:23:46.54057,f,127.0.0.1,2026-01-23 22:23:46.54057
130,127.0.0.1,,,2026-01-25 02:18:37.360842,f,127.0.0.1,2026-01-25 02:18:37.360842
131,127.0.0.1,,,2026-01-25 02:22:46.362606,f,127.0.0.1,2026-01-25 02:22:46.362606
132,127.0.0.1,,,2026-01-25 02:25:06.890564,f,127.0.0.1,2026-01-25 02:25:06.890564
